/*
Navicat MySQL Data Transfer

Source Server         : localhost
Source Server Version : 50718
Source Host           : localhost:3306
Source Database       : v-im

Target Server Type    : MYSQL
Target Server Version : 50718
File Encoding         : 65001

Date: 2021-01-13 11:22:14
*/

SET FOREIGN_KEY_CHECKS=0;

-- ----------------------------
-- Table structure for im_chat_group
-- ----------------------------
DROP TABLE IF EXISTS `im_chat_group`;
CREATE TABLE `im_chat_group` (
  `id` varchar(64) NOT NULL,
  `name` varchar(255) DEFAULT NULL COMMENT '群名称',
  `avatar` varchar(255) DEFAULT NULL COMMENT '群头像',
  `master` varchar(64) DEFAULT NULL COMMENT '群主',
  `remarks` varchar(600) DEFAULT NULL COMMENT '说明',
  `create_date` datetime DEFAULT NULL,
  `create_by` varchar(255) DEFAULT NULL,
  `update_date` datetime DEFAULT NULL,
  `update_by` varchar(255) DEFAULT NULL,
  `del_flag` varchar(255) DEFAULT NULL,
  PRIMARY KEY (`id`)
) ENGINE=InnoDB DEFAULT CHARSET=utf8 COMMENT='群';

-- ----------------------------
-- Records of im_chat_group
-- ----------------------------
INSERT INTO `im_chat_group` VALUES ('e83018ca92cb441aa93484af2deb8456', 'V-IM 讨论', '/img/group-img.png', null, null, null, null, null, null, null);

-- ----------------------------
-- Table structure for im_chat_group_user
-- ----------------------------
DROP TABLE IF EXISTS `im_chat_group_user`;
CREATE TABLE `im_chat_group_user` (
  `chat_group_id` varchar(64) NOT NULL COMMENT '群id',
  `user_id` varchar(64) NOT NULL COMMENT '用户id',
  `create_date` datetime DEFAULT NULL COMMENT '入群时间',
  PRIMARY KEY (`chat_group_id`,`user_id`)
) ENGINE=InnoDB DEFAULT CHARSET=utf8 COMMENT='群';

-- ----------------------------
-- Records of im_chat_group_user
-- ----------------------------
INSERT INTO `im_chat_group_user` VALUES ('e83018ca92cb441aa93484af2deb8456', '026e5cc22bfc4493abb49cdd5a55b4a7', '2018-12-19 11:13:51');
INSERT INTO `im_chat_group_user` VALUES ('e83018ca92cb441aa93484af2deb8456', '0f38e2b3dcee4cfc8abd30fb23f3c947', '2018-12-09 16:33:24');
INSERT INTO `im_chat_group_user` VALUES ('e83018ca92cb441aa93484af2deb8456', '1094c83fc3d7478b999c410e3e05abf2', '2018-12-22 19:05:53');
INSERT INTO `im_chat_group_user` VALUES ('e83018ca92cb441aa93484af2deb8456', '1348525337964843010', '2021-01-11 15:01:10');
INSERT INTO `im_chat_group_user` VALUES ('e83018ca92cb441aa93484af2deb8456', '1348526488047194114', '2021-01-11 15:05:44');
INSERT INTO `im_chat_group_user` VALUES ('e83018ca92cb441aa93484af2deb8456', '1c741437a9b14e95a7016100b00996da', '2018-12-27 15:34:35');
INSERT INTO `im_chat_group_user` VALUES ('e83018ca92cb441aa93484af2deb8456', '206fb75e07e84059a3d20515f4081ceb', '2018-12-21 10:39:23');
INSERT INTO `im_chat_group_user` VALUES ('e83018ca92cb441aa93484af2deb8456', '2f22c4791be640b983d887899875ebbb', '2018-12-20 19:52:55');
INSERT INTO `im_chat_group_user` VALUES ('e83018ca92cb441aa93484af2deb8456', '378770683073431eb947744fd2b390bc', '2018-12-30 23:45:40');
INSERT INTO `im_chat_group_user` VALUES ('e83018ca92cb441aa93484af2deb8456', '428edf4fcf0242a49198d32845b0b1ec', '2018-12-31 17:19:46');
INSERT INTO `im_chat_group_user` VALUES ('e83018ca92cb441aa93484af2deb8456', '5bc0dbdca8414147b1525d8c9f98393f', '2018-12-09 22:15:28');
INSERT INTO `im_chat_group_user` VALUES ('e83018ca92cb441aa93484af2deb8456', '69f4fd5775804abeb322e15cc7c4fd01', '2018-12-26 14:00:40');
INSERT INTO `im_chat_group_user` VALUES ('e83018ca92cb441aa93484af2deb8456', '6da3eb4299294a7280896fb3d6476f1d', '2018-12-31 17:08:04');
INSERT INTO `im_chat_group_user` VALUES ('e83018ca92cb441aa93484af2deb8456', '79f7aaf0c50149cba5fd9bdd97f0c432', '2018-12-20 10:05:41');
INSERT INTO `im_chat_group_user` VALUES ('e83018ca92cb441aa93484af2deb8456', '83abbf3bb4b14a08a7b674d3bd35cffc', '2018-12-28 15:31:10');
INSERT INTO `im_chat_group_user` VALUES ('e83018ca92cb441aa93484af2deb8456', '9edb4010770b49c7a9a5f6df183e7a70', '2018-12-09 20:41:01');
INSERT INTO `im_chat_group_user` VALUES ('e83018ca92cb441aa93484af2deb8456', 'ab1bd7aa01e344c780f904b028de852b', '2018-12-31 17:19:03');
INSERT INTO `im_chat_group_user` VALUES ('e83018ca92cb441aa93484af2deb8456', 'ae0b0dae35a047758ebedab7e7db4873', '2018-12-31 00:11:17');
INSERT INTO `im_chat_group_user` VALUES ('e83018ca92cb441aa93484af2deb8456', 'c69787c134b04d6f8127d512c269360f', '2018-10-28 15:53:14');
INSERT INTO `im_chat_group_user` VALUES ('e83018ca92cb441aa93484af2deb8456', 'c8fbea756238432584b1a79c035b3a00', '2018-12-24 16:29:38');
INSERT INTO `im_chat_group_user` VALUES ('e83018ca92cb441aa93484af2deb8456', 'cb0c145a6c104497942525f8c984f9d9', '2018-10-28 15:53:14');
INSERT INTO `im_chat_group_user` VALUES ('e83018ca92cb441aa93484af2deb8456', 'dfe980480ca7494b97c167028f1808da', '2018-12-26 10:50:53');
INSERT INTO `im_chat_group_user` VALUES ('e83018ca92cb441aa93484af2deb8456', 'e88d9fd36e5c4896a5a17a21b37325c2', '2018-12-10 15:41:17');
INSERT INTO `im_chat_group_user` VALUES ('e83018ca92cb441aa93484af2deb8456', 'e9dcc0a3fdb04b73b755fb2be1e64369', '2018-12-31 17:15:06');

-- ----------------------------
-- Table structure for im_dept
-- ----------------------------
DROP TABLE IF EXISTS `im_dept`;
CREATE TABLE `im_dept` (
  `id` varchar(32) NOT NULL,
  `name` varchar(255) DEFAULT NULL,
  `avatar` varchar(3000) DEFAULT NULL,
  `master` varchar(32) DEFAULT NULL,
  `parent_id` varchar(32) DEFAULT NULL,
  `parent_ids` varchar(3000) DEFAULT NULL,
  `update_date` datetime DEFAULT NULL,
  `create_date` datetime DEFAULT NULL,
  `remarks` varchar(255) DEFAULT NULL,
  `del_flag` varchar(255) NOT NULL DEFAULT '0',
  `create_by` varchar(32) DEFAULT NULL,
  `update_by` varchar(32) DEFAULT NULL,
  PRIMARY KEY (`id`)
) ENGINE=InnoDB DEFAULT CHARSET=utf8mb4;

-- ----------------------------
-- Records of im_dept
-- ----------------------------
INSERT INTO `im_dept` VALUES ('1', 'AMD总公司', null, null, '0', '0,', null, null, null, '0', null, null);
INSERT INTO `im_dept` VALUES ('2', '技术部', null, null, '1', '0,1,', null, null, null, '0', null, null);
INSERT INTO `im_dept` VALUES ('3', '综合部', null, null, '1', '0,1,', null, null, null, '0', null, null);
INSERT INTO `im_dept` VALUES ('4', '开发部', null, null, '1', '0,1,', null, null, null, '0', null, null);
INSERT INTO `im_dept` VALUES ('5', '英特尔', null, null, '0', '0,', null, null, null, '0', null, null);
INSERT INTO `im_dept` VALUES ('6', '技术部', '', '', '5', '0,5,', '2021-01-12 21:52:44', '2021-01-12 21:52:44', '', '0', '', '');
INSERT INTO `im_dept` VALUES ('7', '综合部', '', '', '5', '0,5,', '2021-01-12 21:52:44', '2021-01-12 21:52:44', '', '0', '', '');
INSERT INTO `im_dept` VALUES ('8', '开发部', '', '', '5', '0,5,', '2021-01-12 21:52:44', '2021-01-12 21:52:44', '', '0', '', '');



-- ----------------------------
-- Table structure for im_message
-- ----------------------------
DROP TABLE IF EXISTS `im_message`;
CREATE TABLE `im_message` (
  `id` int(11) NOT NULL AUTO_INCREMENT,
  `to_id` varchar(64) DEFAULT NULL COMMENT '接收人',
  `from_id` varchar(64) DEFAULT NULL COMMENT '发送人id',
  `send_time` bigint(20) DEFAULT NULL,
  `content` varchar(4000) DEFAULT NULL,
  `type` char(1) DEFAULT NULL COMMENT '类型 0单聊 1 群聊',
  `read_status` char(1) DEFAULT NULL COMMENT '1 已读 0 未读',
  PRIMARY KEY (`id`)
) ENGINE=InnoDB AUTO_INCREMENT=952 DEFAULT CHARSET=utf8;

-- ----------------------------
-- Records of im_message
-- ----------------------------
INSERT INTO `im_message` VALUES ('904', 'c69787c134b04d6f8127d512c269360f', 'cb0c145a6c104497942525f8c984f9d9', '1546248297972', '11111', '0', '0');
INSERT INTO `im_message` VALUES ('905', 'cb0c145a6c104497942525f8c984f9d9', 'c69787c134b04d6f8127d512c269360f', '1546248315556', '222222222', '0', '0');
INSERT INTO `im_message` VALUES ('906', 'cb0c145a6c104497942525f8c984f9d9', 'c69787c134b04d6f8127d512c269360f', '1608191906347', '11111111111111', '0', '1');
INSERT INTO `im_message` VALUES ('907', 'cb0c145a6c104497942525f8c984f9d9', 'c69787c134b04d6f8127d512c269360f', '1608527030962', '11111', '0', '1');
INSERT INTO `im_message` VALUES ('908', 'cb0c145a6c104497942525f8c984f9d9', 'c69787c134b04d6f8127d512c269360f', '1608527075121', '11111111', '0', '1');
INSERT INTO `im_message` VALUES ('909', 'cb0c145a6c104497942525f8c984f9d9', 'c69787c134b04d6f8127d512c269360f', '1608527187922', '222222222', '0', '1');
INSERT INTO `im_message` VALUES ('910', 'cb0c145a6c104497942525f8c984f9d9', 'c69787c134b04d6f8127d512c269360f', '1608527264751', '111111', '0', '1');
INSERT INTO `im_message` VALUES ('911', 'cb0c145a6c104497942525f8c984f9d9', 'c69787c134b04d6f8127d512c269360f', '1608527290353', '2222', '0', '1');
INSERT INTO `im_message` VALUES ('912', 'cb0c145a6c104497942525f8c984f9d9', 'c69787c134b04d6f8127d512c269360f', '1608527426223', '111111111111', '0', '1');
INSERT INTO `im_message` VALUES ('913', 'c69787c134b04d6f8127d512c269360f', 'c69787c134b04d6f8127d512c269360f', '1608527488333', '11111111', '0', '0');
INSERT INTO `im_message` VALUES ('914', 'c69787c134b04d6f8127d512c269360f', 'c69787c134b04d6f8127d512c269360f', '1608527528992', '111111111', '0', '0');
INSERT INTO `im_message` VALUES ('915', 'c69787c134b04d6f8127d512c269360f', 'c69787c134b04d6f8127d512c269360f', '1608527532230', '222222222222222222', '0', '0');
INSERT INTO `im_message` VALUES ('916', 'c69787c134b04d6f8127d512c269360f', 'c69787c134b04d6f8127d512c269360f', '1608527578515', '2222222222', '0', '0');
INSERT INTO `im_message` VALUES ('917', 'c69787c134b04d6f8127d512c269360f', 'c69787c134b04d6f8127d512c269360f', '1608527640745', '22222222222222', '0', '0');
INSERT INTO `im_message` VALUES ('918', 'c69787c134b04d6f8127d512c269360f', 'c69787c134b04d6f8127d512c269360f', '1608527649546', '333333', '0', '0');
INSERT INTO `im_message` VALUES ('919', 'c69787c134b04d6f8127d512c269360f', 'c69787c134b04d6f8127d512c269360f', '1608527661755', '3333333333333333333333333333', '0', '0');
INSERT INTO `im_message` VALUES ('920', 'c69787c134b04d6f8127d512c269360f', 'c69787c134b04d6f8127d512c269360f', '1608527690959', '2222222222222222', '0', '0');
INSERT INTO `im_message` VALUES ('921', 'c69787c134b04d6f8127d512c269360f', 'c69787c134b04d6f8127d512c269360f', '1608527736322', '234234234', '0', '0');
INSERT INTO `im_message` VALUES ('922', 'c69787c134b04d6f8127d512c269360f', 'c69787c134b04d6f8127d512c269360f', '1608527748465', '111111', '0', '0');
INSERT INTO `im_message` VALUES ('923', 'c69787c134b04d6f8127d512c269360f', 'c69787c134b04d6f8127d512c269360f', '1608527757380', '2222222', '0', '0');
INSERT INTO `im_message` VALUES ('924', 'c69787c134b04d6f8127d512c269360f', 'c69787c134b04d6f8127d512c269360f', '1608527765245', '22222', '0', '0');
INSERT INTO `im_message` VALUES ('925', 'cb0c145a6c104497942525f8c984f9d9', 'c69787c134b04d6f8127d512c269360f', '1608527776980', '2222222222222222', '0', '1');
INSERT INTO `im_message` VALUES ('926', 'cb0c145a6c104497942525f8c984f9d9', 'c69787c134b04d6f8127d512c269360f', '1608527846959', '22222222', '0', '1');
INSERT INTO `im_message` VALUES ('927', 'cb0c145a6c104497942525f8c984f9d9', 'c69787c134b04d6f8127d512c269360f', '1608528058035', '11111', '0', '1');
INSERT INTO `im_message` VALUES ('928', 'cb0c145a6c104497942525f8c984f9d9', 'c69787c134b04d6f8127d512c269360f', '1608528077964', '111111111111111111', '0', '1');
INSERT INTO `im_message` VALUES ('929', 'cb0c145a6c104497942525f8c984f9d9', 'c69787c134b04d6f8127d512c269360f', '1608528199964', 'a\n[http://127.0.1.1:8080/4e662057-e0ad-4852-97d1-fb7f7b1faad5.jpeg]', '0', '1');
INSERT INTO `im_message` VALUES ('930', 'cb0c145a6c104497942525f8c984f9d9', 'c69787c134b04d6f8127d512c269360f', '1608528232749', 'file(http://127.0.1.1:8080/fae7434d-35dc-4008-8bd0-1bc1c153391e.pdf)[LicenseCertificate-D373350739.pdf]', '0', '1');
INSERT INTO `im_message` VALUES ('931', 'cb0c145a6c104497942525f8c984f9d9', 'c69787c134b04d6f8127d512c269360f', '1608528250678', 'a(http://127.0.1.1:8080/fae7434d-35dc-4008-8bd0-1bc1c153391e.pdf)[LicenseCertificate-D373350739.pdf]', '0', '1');
INSERT INTO `im_message` VALUES ('932', 'cb0c145a6c104497942525f8c984f9d9', 'c69787c134b04d6f8127d512c269360f', '1608528384010', '1111111111111', '0', '1');
INSERT INTO `im_message` VALUES ('933', 'cb0c145a6c104497942525f8c984f9d9', 'c69787c134b04d6f8127d512c269360f', '1608528452697', 'img[http://127.0.1.1:8080/e18ca27b-af99-4a73-91be-28b252477f6e.png]', '0', '1');
INSERT INTO `im_message` VALUES ('934', 'cb0c145a6c104497942525f8c984f9d9', 'c69787c134b04d6f8127d512c269360f', '1608528480861', 'a(https://baidu.com)[baidu\n]', '0', '1');
INSERT INTO `im_message` VALUES ('935', 'e83018ca92cb441aa93484af2deb8456', 'c69787c134b04d6f8127d512c269360f', '1610345708701', '111', '1', '0');
INSERT INTO `im_message` VALUES ('936', 'e83018ca92cb441aa93484af2deb8456', 'c69787c134b04d6f8127d512c269360f', '1610345710965', '22222222', '1', '0');
INSERT INTO `im_message` VALUES ('937', 'cb0c145a6c104497942525f8c984f9d9', '1348526488047194114', '1610348795277', '111', '0', '1');
INSERT INTO `im_message` VALUES ('938', 'e83018ca92cb441aa93484af2deb8456', 'c69787c134b04d6f8127d512c269360f', '1610349331625', '111', '1', '0');
INSERT INTO `im_message` VALUES ('939', 'e83018ca92cb441aa93484af2deb8456', 'c69787c134b04d6f8127d512c269360f', '1610349333502', '222', '1', '0');
INSERT INTO `im_message` VALUES ('940', 'e83018ca92cb441aa93484af2deb8456', 'c69787c134b04d6f8127d512c269360f', '1610349335586', '444', '1', '0');
INSERT INTO `im_message` VALUES ('941', '1348526488047194114', 'c69787c134b04d6f8127d512c269360f', '1610349914192', '11111111', '0', '1');
INSERT INTO `im_message` VALUES ('942', 'e83018ca92cb441aa93484af2deb8456', 'c69787c134b04d6f8127d512c269360f', '1610350225984', '111', '1', '0');
INSERT INTO `im_message` VALUES ('943', 'cb0c145a6c104497942525f8c984f9d9', 'c69787c134b04d6f8127d512c269360f', '1610350230912', '11111', '0', '1');
INSERT INTO `im_message` VALUES ('944', 'cb0c145a6c104497942525f8c984f9d9', 'c69787c134b04d6f8127d512c269360f', '1610350234664', '111', '0', '1');
INSERT INTO `im_message` VALUES ('945', 'cb0c145a6c104497942525f8c984f9d9', 'c69787c134b04d6f8127d512c269360f', '1610350365937', '11111111', '0', '1');
INSERT INTO `im_message` VALUES ('946', 'cb0c145a6c104497942525f8c984f9d9', 'c69787c134b04d6f8127d512c269360f', '1610350394033', '11111', '0', '1');
INSERT INTO `im_message` VALUES ('947', 'cb0c145a6c104497942525f8c984f9d9', 'c69787c134b04d6f8127d512c269360f', '1610350399913', '222222222', '0', '1');
INSERT INTO `im_message` VALUES ('948', 'cb0c145a6c104497942525f8c984f9d9', 'c69787c134b04d6f8127d512c269360f', '1610350507688', '222', '0', '1');
INSERT INTO `im_message` VALUES ('949', 'cb0c145a6c104497942525f8c984f9d9', 'c69787c134b04d6f8127d512c269360f', '1610350546267', 'img[http://127.0.1.1:8080/614d590a-9e9d-452b-82e5-3b63c238897b.png]', '0', '1');
INSERT INTO `im_message` VALUES ('950', 'cb0c145a6c104497942525f8c984f9d9', 'c69787c134b04d6f8127d512c269360f', '1610350570990', 'img[http://127.0.1.1:8080/ae2e1789-aca0-495a-af5f-eb30706035a7.png]', '0', '1');
INSERT INTO `im_message` VALUES ('951', 'cb0c145a6c104497942525f8c984f9d9', 'c69787c134b04d6f8127d512c269360f', '1610437892325', '111111111111', '0', '1');

-- ----------------------------
-- Table structure for im_user
-- ----------------------------
DROP TABLE IF EXISTS `im_user`;
CREATE TABLE `im_user` (
  `id` varchar(32) NOT NULL,
  `avatar` varchar(255) DEFAULT NULL,
  `name` varchar(255) DEFAULT NULL,
  `sign` varchar(255) DEFAULT NULL,
  `mobile` varchar(255) DEFAULT NULL,
  `email` varchar(255) DEFAULT NULL,
  `password` varchar(255) DEFAULT NULL,
  `login_name` varchar(255) DEFAULT NULL,
  `dept_id` varchar(32) DEFAULT NULL,
  `create_date` datetime DEFAULT NULL,
  `create_by` varchar(255) DEFAULT NULL,
  `update_date` datetime DEFAULT NULL,
  `update_by` varchar(255) DEFAULT NULL,
  `remarks` varchar(255) DEFAULT NULL,
  `del_flag` char(1) DEFAULT '0',
  PRIMARY KEY (`id`)
) ENGINE=InnoDB DEFAULT CHARSET=utf8;

-- ----------------------------
-- Records of im_user
-- ----------------------------
INSERT INTO `im_user` VALUES ('1348525337964843010', '/img/default-user.png', '13610959735', null, '13610959735', null, '{bcrypt}$2a$10$2WQoyg95rQ/wn1BafrX2zey7fn8j0335DHOFgps91I6ZfOAxucL/K', '13610959735', '2', null, null, null, null, null, '0');
INSERT INTO `im_user` VALUES ('1348526488047194114', '/img/default-user.png', '136109597351', null, '13610959726', null, '{bcrypt}$2a$10$K3I4L2ja26AWLGtrIKWl9.wQM.7IT9fKilXAYy1I9Qmeolg8MQfDu', '13610959726', '2', null, null, null, null, null, '0');
INSERT INTO `im_user` VALUES ('428edf4fcf0242a49198d32845b0b1ec', '/img/default-user.png', '13322211442', null, '13322211442', '1', '{bcrypt}$2a$10$Kcm.LPuT5qsDBTU5w2OxDekGTjxvb3WN5JDSIegd8smTdzoHZObwm', '13322211442', '2', null, null, null, null, null, '0');
INSERT INTO `im_user` VALUES ('6da3eb4299294a7280896fb3d6476f1d', '/img/default-user.png', '13966655333', null, '13966655333', '2', '{bcrypt}$2a$10$wYwwMf6xywxCJ3N0cMZSz.SqTXlTA.AJijRkhKZ8R6bLeG/96pPyK', '13966655333', '2', null, null, null, null, null, '0');
INSERT INTO `im_user` VALUES ('ab1bd7aa01e344c780f904b028de852b', '/img/default-user.png', '13322211443', null, '13322211443', '3', '{bcrypt}$2a$10$eEhlX8hbtUle9kARWQsH8ujfFwhi7P2Urp45Vd0ZdxWxUuEg.0sle', '13322211443', '2', null, null, null, null, null, '0');
INSERT INTO `im_user` VALUES ('c69787c134b04d6f8127d512c269360f', '/img/user (3).png', '王五', '我爱吃菜', '13699988999', 'wangwu@163.com', '{bcrypt}$2a$10$iq7DxG5KmyfaT9lLrwQcMuYm9r0AwZ9J6wdB1u4jIY2Gw8T0RKyzS', 'wangwu', '2', null, null, null, null, null, '0');
INSERT INTO `im_user` VALUES ('cb0c145a6c104497942525f8c984f9d9', '/img/user (2).png', '管理员', '我爱吃肉', '13699988999', 'zhangsan@163.com', '{bcrypt}$2a$10$tcoeSq.LUagBuj6WalYUaeJjvXEI86YBDS6LVCQUfYtjoUvhHaUWC', 'zhangsan', '2', null, null, null, null, null, '0');
INSERT INTO `im_user` VALUES ('e9dcc0a3fdb04b73b755fb2be1e64369', '/img/default-user.png', '13322211444', null, '13322211444', '4', '{bcrypt}$2a$10$Dfd.34gmkDlAuWLSLjGOeeyz6S4GAb/CJAYOvQd47NWWVQZl7/29S', '13322211444', '2', null, null, null, null, null, '0');

-- ----------------------------
-- Table structure for im_user_friend
-- ----------------------------
DROP TABLE IF EXISTS `im_user_friend`;
CREATE TABLE `im_user_friend` (
  `user_id` varchar(32) NOT NULL COMMENT '用户ID',
  `friend_id` varchar(32) NOT NULL COMMENT '好友ID',
  `create_date` datetime DEFAULT NULL,
  `create_by` varchar(255) DEFAULT NULL,
  `update_date` datetime DEFAULT NULL,
  `update_by` varchar(255) DEFAULT NULL,
  `del_flag` char(1) DEFAULT '0',
  `remarks` varchar(255) DEFAULT NULL,
  PRIMARY KEY (`user_id`,`friend_id`)
) ENGINE=MyISAM DEFAULT CHARSET=utf8;

-- ----------------------------
-- Records of im_user_friend
-- ----------------------------
INSERT INTO `im_user_friend` VALUES ('cb0c145a6c104497942525f8c984f9d9', 'c69787c134b04d6f8127d512c269360f', null, null, null, null, null, null);
INSERT INTO `im_user_friend` VALUES ('6da3eb4299294a7280896fb3d6476f1d', 'cb0c145a6c104497942525f8c984f9d9', null, null, null, null, null, null);
INSERT INTO `im_user_friend` VALUES ('e9dcc0a3fdb04b73b755fb2be1e64369', 'cb0c145a6c104497942525f8c984f9d9', null, null, null, null, '0', null);
INSERT INTO `im_user_friend` VALUES ('ab1bd7aa01e344c780f904b028de852b', 'cb0c145a6c104497942525f8c984f9d9', null, null, null, null, '0', null);
INSERT INTO `im_user_friend` VALUES ('428edf4fcf0242a49198d32845b0b1ec', 'cb0c145a6c104497942525f8c984f9d9', '2018-12-31 17:19:46', null, '2018-12-31 17:19:46', null, '0', null);
INSERT INTO `im_user_friend` VALUES ('1348525337964843010', 'cb0c145a6c104497942525f8c984f9d9', '2021-01-11 15:01:10', null, '2021-01-11 15:01:10', null, '0', null);
INSERT INTO `im_user_friend` VALUES ('1348526488047194114', 'cb0c145a6c104497942525f8c984f9d9', '2021-01-11 15:05:44', null, '2021-01-11 15:05:44', null, '0', null);
